<?xml version="1.0" encoding="UTF-8"?>
<!DOCTYPE mapper PUBLIC "-//mybatis.org//DTD Mapper 3.0//EN" "http://mybatis.org/dtd/mybatis-3-mapper.dtd">
<mapper namespace="com.advgm.mapper.SysPrivilegeMapper">
  <resultMap id="BaseResultMap" type="com.advgm.domain.SysPrivilege">
    <!--@mbg.generated-->
    <!--@Table sys_privilege-->
    <id column="id" jdbcType="BIGINT" property="id" />
    <result column="menu_id" jdbcType="BIGINT" property="menuId" />
    <result column="name" jdbcType="VARCHAR" property="name" />
    <result column="description" jdbcType="VARCHAR" property="description" />
    <result column="url" jdbcType="VARCHAR" property="url" />
    <result column="method" jdbcType="VARCHAR" property="method" />
    <result column="create_by" jdbcType="BIGINT" property="createBy" />
    <result column="modify_by" jdbcType="BIGINT" property="modifyBy" />
    <result column="created" jdbcType="TIMESTAMP" property="created" />
    <result column="last_update_time" jdbcType="TIMESTAMP" property="lastUpdateTime" />
  </resultMap>
  <sql id="Base_Column_List">
    <!--@mbg.generated-->
    id, menu_id, `name`, description, url, `method`, create_by, modify_by, created, last_update_time
  </sql>
    <select id="selectByRoleId" resultMap="BaseResultMap">
       SELECT
            p.id,
            p.menu_id,
            p.`name`,
            p.description,
            p.url,
            p.`method`,
            p.create_by,
            p.modify_by,
            p.created,
            p.last_update_time
       FROM sys_privilege AS p LEFT JOIN sys_role_privilege AS rp ON p.id = rp.privilege_id
       WHERE  rp.role_id = #{roleId}
    </select>
    <select id="getPrivilegesByRoleId" resultType="java.lang.Long">

      SELECT
        privilege_id
        FROM
            sys_role_privilege
        WHERE role_id = #{roleId}

    </select>
</mapper>