<?xml version="1.0" encoding="UTF-8"?>
<!DOCTYPE mapper PUBLIC "-//mybatis.org//DTD Mapper 3.0//EN" "http://mybatis.org/dtd/mybatis-3-mapper.dtd">
<mapper namespace="com.advgm.mapper.SysRolePrivilegeUserMapper">
  <resultMap id="BaseResultMap" type="com.advgm.domain.SysRolePrivilegeUser">
    <!--@mbg.generated-->
    <!--@Table sys_role_privilege_user-->
    <id column="id" jdbcType="BIGINT" property="id" />
    <result column="role_id" jdbcType="BIGINT" property="roleId" />
    <result column="user_id" jdbcType="BIGINT" property="userId" />
    <result column="privilege_id" jdbcType="BIGINT" property="privilegeId" />
  </resultMap>
  <sql id="Base_Column_List">
    <!--@mbg.generated-->
    id, role_id, user_id, privilege_id
  </sql>
</mapper>