<?xml version="1.0" encoding="UTF-8"?>
<!DOCTYPE mapper PUBLIC "-//mybatis.org//DTD Mapper 3.0//EN" "http://mybatis.org/dtd/mybatis-3-mapper.dtd">
<mapper namespace="com.advgm.mapper.SysUserMapper">
  <resultMap id="BaseResultMap" type="com.advgm.domain.SysUser">
    <!--@mbg.generated-->
    <!--@Table sys_user-->
    <id column="id" jdbcType="BIGINT" property="id" />
    <result column="username" jdbcType="VARCHAR" property="username" />
    <result column="password" jdbcType="VARCHAR" property="password" />
    <result column="fullname" jdbcType="VARCHAR" property="fullname" />
    <result column="mobile" jdbcType="VARCHAR" property="mobile" />
    <result column="email" jdbcType="VARCHAR" property="email" />
    <result column="status" jdbcType="TINYINT" property="status" />
    <result column="create_by" jdbcType="BIGINT" property="createBy" />
    <result column="modify_by" jdbcType="BIGINT" property="modifyBy" />
    <result column="created" jdbcType="TIMESTAMP" property="created" />
    <result column="last_update_time" jdbcType="TIMESTAMP" property="lastUpdateTime" />
  </resultMap>
  <sql id="Base_Column_List">
    <!--@mbg.generated-->
    id, username, `password`, fullname, mobile, email, `status`, create_by, modify_by, 
    created, last_update_time
  </sql>
</mapper>