<?xml version="1.0" encoding="UTF-8"?>
<!DOCTYPE mapper PUBLIC "-//mybatis.org//DTD Mapper 3.0//EN" "http://mybatis.org/dtd/mybatis-3-mapper.dtd">
<mapper namespace="com.advgm.mapper.ConfigMapper">
  <resultMap id="BaseResultMap" type="com.advgm.domain.Config">
    <!--@mbg.generated-->
    <!--@Table config-->
    <id column="id" jdbcType="BIGINT" property="id" />
    <result column="type" jdbcType="VARCHAR" property="type" />
    <result column="code" jdbcType="VARCHAR" property="code" />
    <result column="name" jdbcType="VARCHAR" property="name" />
    <result column="desc" jdbcType="VARCHAR" property="desc" />
    <result column="value" jdbcType="VARCHAR" property="value" />
    <result column="created" jdbcType="TIMESTAMP" property="created" />
  </resultMap>
  <sql id="Base_Column_List">
    <!--@mbg.generated-->
    id, `type`, code, `name`, `desc`, `value`, created
  </sql>
</mapper>