<?xml version="1.0" encoding="UTF-8"?>
<!DOCTYPE mapper PUBLIC "-//mybatis.org//DTD Mapper 3.0//EN" "http://mybatis.org/dtd/mybatis-3-mapper.dtd">
<mapper namespace="com.advgm.mapper.CrReservoirMapper">
    <resultMap id="BaseResultMap" type="com.advgm.domain.CrReservoir">
        <!--@mbg.generated-->
        <!--@Table cr_reservoir-->
        <id column="id" jdbcType="BIGINT" property="id" />
        <result column="tenant_id" jdbcType="VARCHAR" property="tenantNo" />
        <result column="rs_code" jdbcType="VARCHAR" property="rsCode" />
        <result column="rs_name" jdbcType="VARCHAR" property="rsName" />
        <result column="rs_desc" jdbcType="VARCHAR" property="rsDesc" />
        <result column="rs_type" jdbcType="VARCHAR" property="rsType" />
        <result column="create_by" jdbcType="BIGINT" property="createBy" />
        <result column="modify_by" jdbcType="BIGINT" property="modifyBy" />
        <result column="created" jdbcType="TIMESTAMP" property="created" />
        <result column="last_update_time" jdbcType="TIMESTAMP" property="lastUpdateTime" />
    </resultMap>
    <sql id="Base_Column_List">
        id, tenant_id, rs_code, rs_name, rs_type, create_by,
        modify_by, created, last_update_time
    </sql>


</mapper>